City_ID,City,Lat,Lng,Max Temp,Humidity,Cloudiness,Wind Speed,Country,Date
0,puerto ayora,-0.7393,-90.3518,303.13,89,52,4.47,EC,1689700333
1,freetown,8.484,-13.2299,299.35,82,100,3.55,SL,1689700334
2,rio grande,-32.035,-52.0986,286.21,63,64,4.44,BR,1689700334
3,port-aux-francais,-49.35,70.2167,278.26,84,83,17.62,TF,1689700334
4,edinburgh of the seven seas,-37.0676,-12.3116,287.37,96,100,11.72,SH,1689700334
5,aioun,16.6614,-9.6149,311.08,29,89,2.02,MR,1689700336
6,east london,-33.0153,27.9116,289.67,82,0,4.12,ZA,1689700305
7,blackmans bay,-43.0167,147.3167,279.67,70,34,6.21,AU,1689700336
8,bredasdorp,-34.5322,20.0403,284.75,84,64,9.05,ZA,1689700336
9,olonkinbyen,70.9221,-8.7187,277.62,94,52,8.62,SJ,1689700337
10,balcarce,-37.8462,-58.2552,284.48,53,1,0.89,AR,1689700337
11,bilibino,68.0546,166.4372,288.64,76,14,0.71,RU,1689700337
12,baud,20.8333,84.3167,300.03,90,77,1.64,IN,1689700337
13,nova vicosa,-17.8919,-39.3719,300.07,62,52,5.77,BR,1689700338
14,puerto natales,-51.7236,-72.4875,275.4,55,75,1.54,CL,1689700338
15,kismayo,-0.3582,42.5454,298.33,81,15,7.09,SO,1689700338
16,tralee,52.2704,-9.7026,292.29,72,40,3.6,IE,1689700339
17,college,64.8569,-147.8028,290.12,84,100,1.54,US,1689700255
18,adamstown,-25.066,-130.1015,294.18,79,90,4.23,PN,1689700339
19,ushuaia,-54.8,-68.3,276.94,89,100,2.17,AR,1689700339
20,port blair,11.6667,92.75,302.17,84,75,4.63,IN,1689700340
21,vila velha,-20.3297,-40.2925,305.12,43,0,4.63,BR,1689700340
22,st. john's,47.5649,-52.7093,302.19,77,75,9.26,CA,1689700200
23,banjarmasin,-3.3244,114.591,300.23,92,35,1.59,ID,1689700241
24,whitehorse,60.7161,-135.0538,288.2,73,100,0.64,CA,1689700258
25,port elizabeth,-33.918,25.5701,289.87,88,11,4.3,ZA,1689700041
26,kapuskasing,49.4169,-82.4331,293.2,72,75,5.14,CA,1689700341
27,wailua homesteads,22.0669,-159.378,299.59,88,40,9.26,US,1689700341
28,rawlins,41.7911,-107.2387,298.09,25,0,8.75,US,1689700341
29,vilyuchinsk,52.9306,158.4028,285.15,90,12,3.76,RU,1689700342
30,barasat,22.7167,88.5167,302.12,89,40,1.54,IN,1689700343
31,ambon,-3.6954,128.1814,297.23,94,40,0.51,ID,1689700343
32,miyaly,48.8844,53.7836,296.22,53,86,6.15,KZ,1689700343
33,barnesville,33.0546,-84.1557,305.95,52,0,0.0,US,1689700344
34,tiksi,71.6872,128.8694,278.01,75,22,4.08,RU,1689700345
35,atafu village,-8.5421,-172.5159,300.26,82,84,3.38,TK,1689700345
36,bethel,41.3712,-73.414,303.42,74,75,4.12,US,1689700346
37,cartagena del chaira,1.3349,-74.8429,299.42,77,94,1.32,CO,1689700346
38,saint croix,17.7397,-64.7388,304.4,62,75,8.23,VI,1689700349
39,utrik,11.2278,169.8474,301.0,82,67,6.23,MH,1689700353
40,alamogordo,32.8995,-105.9603,310.69,15,0,5.66,US,1689700355
41,kodinsk,58.6881,99.1844,286.19,58,5,0.45,RU,1689700355
42,albany,42.6001,-73.9662,302.56,64,27,0.6,US,1689700346
43,ta`u,-14.2336,-169.5144,299.7,79,70,3.37,AS,1689700356
44,margaret river,-33.95,115.0667,284.61,82,93,11.78,AU,1689700356
45,invercargill,-46.4,168.35,282.09,76,38,4.69,NZ,1689700356
46,tekkali,18.6167,84.2333,298.6,94,97,3.3,IN,1689700357
47,waitangi,-43.9535,-176.5597,284.16,83,76,2.68,NZ,1689700357
48,kapa'a,22.0752,-159.319,300.33,85,40,9.26,US,1689700357
49,kyren,51.6828,102.1408,286.34,92,46,0.28,RU,1689700357
50,leava,-14.3,-178.1667,299.56,82,100,12.32,WF,1689700358
51,acarau,-2.8856,-40.12,303.93,54,1,8.54,BR,1689700226
52,paracuru,-3.41,-39.0306,300.99,57,2,7.66,BR,1689700352
53,port isabel,26.0734,-97.2086,309.2,55,0,7.2,US,1689700358
54,san martin,-33.081,-68.4681,285.45,42,98,3.84,AR,1689700359
55,georgetown,5.4112,100.3354,303.11,74,20,0.0,MY,1689700173
56,yellowknife,62.456,-114.3525,293.44,64,100,1.54,CA,1689700359
57,lompoc,34.6391,-120.4579,302.6,69,18,0.89,US,1689700359
58,masterton,-40.9597,175.6575,285.31,92,19,1.63,NZ,1689700216
59,afaahiti,-17.75,-149.2833,298.08,75,38,6.79,PF,1689700360
60,aleksandrovskoye,44.7142,43.0008,293.58,58,34,2.3,RU,1689700360
61,brownwood,31.7093,-98.9912,312.15,27,0,5.66,US,1689700360
62,sibi,29.5448,67.8764,315.73,24,24,2.37,PK,1689700361
63,dishna,26.1247,32.476,311.34,13,0,4.59,EG,1689700361
64,grytviken,-54.2811,-36.5092,268.07,80,18,4.63,GS,1689700361
65,west island,-12.1568,96.8225,299.14,78,75,10.29,CC,1689700366
66,simanggang,1.2472,111.4528,297.42,92,57,0.75,MY,1689700368
67,ust-nera,64.5667,143.2,290.31,44,58,2.76,RU,1689700368
68,hirara,24.8,125.2833,301.68,80,71,4.99,JP,1689700368
69,san luis de la loma,17.2706,-100.8939,305.06,57,81,2.72,MX,1689700368
70,mahanoro,-19.9,48.8,293.95,83,1,1.96,MG,1689700369
71,fale old settlement,-9.3852,-171.2468,300.75,79,100,3.82,TK,1689700369
72,antigonish,45.6169,-61.9986,302.67,76,68,2.68,CA,1689700138
73,la passe,45.5549,-0.8967,301.28,58,1,7.76,FR,1689700369
74,tura,25.5198,90.2201,297.86,95,98,1.91,IN,1689700369
75,puerto baquerizo moreno,-0.9,-89.6,299.7,83,75,6.69,EC,1689700370
76,iqaluit,63.7506,-68.5145,280.0,100,100,1.03,CA,1689700370
77,fisterra,42.9049,-9.2629,298.57,78,1,9.45,ES,1689700352
78,balabac,7.9868,117.0645,300.56,75,99,1.95,PH,1689700370
79,usogorsk,63.4106,48.6872,293.95,64,89,0.83,RU,1689700370
80,masuda,34.6667,131.85,297.98,92,85,3.1,JP,1689700371
81,san ignacio,17.1561,-89.0714,304.23,70,40,3.09,BZ,1689700371
82,siyabuswa,-25.1132,29.0445,288.83,27,0,0.54,ZA,1689700371
83,the pas,53.8251,-101.2541,294.16,56,40,6.69,CA,1689700371
84,kavala,40.9397,24.4019,301.95,73,20,1.03,GR,1689700371
85,tefe,-3.3542,-64.7114,304.21,66,40,2.57,BR,1689700372
86,vadso,70.0744,29.7487,290.24,77,40,1.03,NO,1689700372
87,warrenton,-28.114,24.8475,288.9,24,0,4.62,ZA,1689700372
88,ribeira grande,38.5167,-28.7,296.37,73,20,2.06,PT,1689700372
89,rongelap,11.1635,166.8941,301.41,78,27,5.93,MH,1689700373
90,hami,42.8,93.45,304.0,22,81,1.62,CN,1689700373
91,miandrivazo,-19.5167,45.4667,298.38,38,6,0.41,MG,1689700373
92,acapulco de juarez,16.8634,-99.8901,304.84,61,95,2.54,MX,1689700144
93,arraial do cabo,-22.9661,-42.0278,296.07,83,75,3.6,BR,1689700373
94,ilgaz,40.9251,33.6259,295.02,50,0,2.51,TR,1689700374
95,nemuro,43.3236,145.575,286.15,93,100,1.28,JP,1689700374
96,lebu,-37.6167,-73.65,285.37,55,100,4.55,CL,1689700374
97,port mathurin,-19.6833,63.4167,296.62,82,100,11.65,MU,1689700374
98,frontera,26.9333,-101.45,306.99,31,0,2.47,MX,1689700173
99,kuching,1.55,110.3333,301.27,83,40,1.54,MY,1689700131
100,susuman,62.7833,148.1667,283.92,66,57,0.77,RU,1689700375
101,kiunga,-6.1219,141.2906,294.97,99,100,1.11,PG,1689700375
102,kourou,5.1552,-52.6478,304.18,63,19,4.85,GF,1689700294
103,shiguai,40.7058,110.2856,294.79,39,0,1.03,CN,1689700375
104,puerto aysen,-45.4,-72.7,272.17,69,0,3.6,CL,1689700376
105,priladozhskiy,59.85,31.4833,289.38,86,100,1.33,RU,1689700376
106,ocean shores,46.9737,-124.1563,291.45,79,0,3.09,US,1689700376
107,talnakh,69.4865,88.3972,286.26,84,100,6.38,RU,1689700376
108,samfya,-11.3649,29.5565,292.1,43,1,1.16,ZM,1689700376
109,puerto ayacucho,5.6639,-67.6236,302.78,69,44,1.02,VE,1689700377
110,nanning,22.8167,108.3167,298.29,93,100,6.86,CN,1689700377
111,muynoq,43.7683,59.0214,301.15,30,17,2.97,UZ,1689700377
112,bolobo,-2.1667,16.2333,303.77,32,98,0.32,CD,1689700377
113,pontianak,-0.0333,109.3333,298.0,89,68,0.73,ID,1689700152
114,vorgashor,67.5833,63.95,290.89,78,57,1.93,RU,1689700378
115,taloda,21.5667,74.2167,299.76,89,100,6.52,IN,1689700378
116,mto wa mbu,-3.35,35.85,294.78,49,6,1.16,TZ,1689700378
117,ulsteinvik,62.3432,5.8487,288.14,75,100,9.39,NO,1689700378
118,mejit,10.2753,170.8646,301.06,82,78,6.75,MH,1689700378
119,huarmey,-10.0681,-78.1522,296.46,64,28,4.29,PE,1689700379
120,papatowai,-46.5619,169.4708,283.73,63,58,5.54,NZ,1689700379
121,avarua,-21.2078,-159.775,294.18,94,100,2.57,CK,1689700379
122,benguela,-12.5763,13.4055,295.02,85,41,1.99,AO,1689700379
123,haiku-pauwela,20.9219,-156.3051,298.16,61,20,8.23,US,1689700380
124,hermanus,-34.4187,19.2345,285.26,75,66,10.54,ZA,1689700380
125,nampula,-15.1165,39.2666,294.22,59,90,3.28,MZ,1689700380
126,tsiombe,-25.3,45.4833,293.66,85,0,5.46,MG,1689700386
127,castillos,-34.1667,-53.8333,283.07,63,93,3.36,UY,1689700387
128,mandalgovi,45.7625,106.2708,289.87,82,97,8.48,MN,1689700388
129,gaiman,-43.2897,-65.4929,281.66,39,25,6.43,AR,1689700388
130,kingston,17.997,-76.7936,305.32,54,69,4.41,JM,1689700245
131,anadyr,64.75,177.4833,288.43,72,0,5.0,RU,1689700389
132,constantia,44.1833,28.65,304.53,53,49,6.37,RO,1689700307
133,hadibu,12.65,54.0333,298.68,76,14,9.41,YE,1689700389
134,kardla,58.9978,22.7492,290.96,64,71,6.04,EE,1689700389
135,dudinka,69.4058,86.1778,287.33,75,100,7.53,RU,1689700390
136,longyearbyen,78.2186,15.6401,284.06,54,0,3.6,SJ,1689700390
137,geraldton,-28.7667,114.6,290.38,88,75,9.26,AU,1689700390
138,daru,-9.0763,143.2092,296.73,88,9,4.42,PG,1689700391
139,hithadhoo,-0.6,73.0833,300.81,73,56,1.01,MV,1689700391
140,yaguara,2.6636,-75.5175,301.4,39,66,3.16,CO,1689700391
141,trinidad,-14.8333,-64.9,298.14,53,83,4.12,BO,1689700392
142,nova sintra,14.8667,-24.7167,295.75,75,25,7.0,CV,1689700392
143,okeechobee,27.2439,-80.8298,308.14,53,75,3.03,US,1689700217
144,metlili chaamba,32.2667,3.6333,314.67,8,0,7.2,DZ,1689700392
145,ilulissat,69.2167,-51.1,281.16,87,40,3.09,GL,1689700393
146,gremyachinsk,58.5603,57.851,287.88,97,100,1.75,RU,1689700393
147,esperanza,19.5847,-70.9849,305.42,34,100,7.29,DO,1689700174
148,cadale,2.7603,46.3222,298.42,83,32,9.29,SO,1689700394
149,jamestown,42.097,-79.2353,297.33,62,100,2.57,US,1689700394
150,kamaishi,39.2667,141.8833,294.98,99,100,0.91,JP,1689700395
151,columbia,34.0007,-81.0348,307.3,47,0,2.57,US,1689700252
152,touros,-5.1989,-35.4608,301.36,65,33,7.85,BR,1689700301
153,mandiana,10.6333,-8.6833,302.92,62,84,1.2,GN,1689700396
154,muroto-misakicho,33.2833,134.15,299.79,91,100,5.73,JP,1689700396
155,fort mcmurray,56.7268,-111.381,293.92,64,20,2.06,CA,1689700343
156,sierra grande,-41.606,-65.3557,279.09,48,62,9.2,AR,1689700397
157,nadym,65.5333,72.5167,292.27,54,39,4.71,RU,1689700397
158,saint-philippe,-21.3585,55.7679,294.92,79,36,5.68,RE,1689700397
159,ujae,8.9322,165.7642,301.37,79,43,5.53,MH,1689700397
160,natal,-5.795,-35.2094,297.51,94,75,3.6,BR,1689700246
161,ad dabbah,18.05,30.95,313.14,9,55,3.15,SD,1689700398
162,terrace,54.5163,-128.6035,289.38,77,100,1.03,CA,1689700354
163,simenqian,27.4872,110.8861,296.18,99,100,1.63,CN,1689700399
164,mogocha,53.7333,119.7667,289.11,99,100,1.01,RU,1689700399
165,uturoa,-16.7333,-151.4333,299.14,73,16,6.3,PF,1689700399
166,puerto madryn,-42.7692,-65.0385,281.49,45,39,10.92,AR,1689700247
167,san rafael,-34.6177,-68.3301,286.95,32,58,5.97,AR,1689700400
168,lihue,21.9789,-159.3672,299.92,78,40,9.26,US,1689700400
169,angel r. cabada,18.5833,-95.4333,303.45,64,100,2.71,MX,1689700400
170,n'dalatando,-9.2978,14.9116,301.0,25,5,2.71,AO,1689700401
171,saint-georges,12.0564,-61.7485,303.97,74,75,6.17,GD,1689700401
172,houlton,46.1262,-67.8403,300.16,73,0,2.06,US,1689700403
173,gadzhiyevo,69.2551,33.3362,290.4,73,100,2.35,RU,1689700403
174,newman,37.3138,-121.0208,306.51,15,3,0.82,US,1689700403
175,kurumkan,54.3,110.3,289.2,75,52,1.71,RU,1689700404
176,belmonte,-15.8631,-38.8828,299.42,59,5,3.29,BR,1689700404
177,codrington,-38.2667,141.9667,278.16,84,30,2.6,AU,1689700404
178,happy valley-goose bay,53.3168,-60.3315,303.32,42,20,9.26,CA,1689700405
179,kerikeri,-35.2268,173.9474,282.01,94,12,1.45,NZ,1689700405
180,mazagao,-0.115,-51.2894,305.18,50,53,2.24,BR,1689700406
181,stanley,54.868,-1.6985,287.45,90,75,1.54,GB,1689700283
182,richards bay,-28.783,32.0377,293.69,46,0,3.06,ZA,1689700406
183,taltal,-25.4,-70.4833,293.64,58,60,2.03,CL,1689700407
184,buxton,53.2574,-1.9098,287.14,96,100,2.05,GB,1689700407
185,port lincoln,-34.7333,135.8667,284.23,78,24,7.32,AU,1689700407
186,klyuchi,52.2667,79.1667,294.4,44,89,3.53,RU,1689700408
187,quelimane,-17.8786,36.8883,295.12,83,20,3.6,MZ,1689700408
188,hawaiian paradise park,19.5933,-154.9731,297.88,93,100,5.14,US,1689700408
189,alofi,-19.0595,-169.9187,294.09,73,97,5.14,NU,1689700408
190,akureyri,65.6835,-18.0878,281.11,76,100,5.66,IS,1689700409
191,asau,46.4333,26.4,300.66,66,41,1.95,RO,1689700409
192,krasnokamensk,50.0979,118.0369,290.69,93,100,2.39,RU,1689700409
193,bereeda,11.8704,51.0579,303.4,58,1,1.88,SO,1689700410
194,walvis bay,-22.9575,14.5053,292.71,47,0,7.78,NA,1689700410
195,khandyga,62.6667,135.6,287.85,98,56,2.71,RU,1689700410
196,chunskiy,56.0815,99.6342,286.01,77,2,0.79,RU,1689700411
197,la reforma,25.0833,-108.05,304.07,68,95,3.58,MX,1689700411
198,aromashevo,56.8602,68.6375,292.55,91,100,7.08,RU,1689700411
199,zaozersk,69.4005,32.4476,290.75,74,100,1.8,RU,1689700412
200,cabedelo,-6.9811,-34.8339,302.52,78,23,8.09,BR,1689700140
201,qaqortoq,60.7167,-46.0333,282.48,90,100,1.53,GL,1689700412
202,chibougamau,49.9168,-74.3659,292.94,64,75,5.03,CA,1689700412
203,prokhladnyy,43.7574,44.0297,297.58,59,0,1.43,RU,1689700413
204,orchard homes,46.8633,-114.0484,298.3,38,0,1.34,US,1689700413
205,tazacorte,28.629,-17.9293,298.23,73,75,4.63,ES,1689700413
206,puerto deseado,-47.7503,-65.8938,279.22,59,10,8.51,AR,1689700414
207,iskateley,67.6803,53.1512,292.42,77,93,1.63,RU,1689700414
208,bonthe,7.5264,-12.505,299.42,83,99,4.12,SL,1689700414
209,praia da vitoria,38.7333,-27.0667,296.35,68,75,1.86,PT,1689700415
210,kula,38.5473,28.6498,302.17,22,0,7.17,TR,1689700415
211,san patricio,28.017,-97.5169,309.21,36,4,4.75,US,1689700415
212,bairnsdale,-37.8333,147.6167,280.4,80,33,4.77,AU,1689700416
213,paka,4.6374,103.4368,300.11,94,100,0.0,MY,1689700416
214,cozumel,20.5083,-86.9458,306.45,74,75,6.17,MX,1689700119
215,bhawana,31.5692,72.649,310.12,43,21,6.63,PK,1689700416
216,bandrele,-12.9067,45.1914,298.01,78,0,2.06,YT,1689700416
217,badger,64.8,-147.5333,290.08,87,100,1.54,US,1689700409
218,pingliang,35.5392,106.6861,292.63,59,48,1.99,CN,1689700417
219,clinton,42.587,-82.9199,299.66,58,75,4.12,US,1689700417
220,saint john,45.2727,-66.0677,294.72,88,100,6.69,CA,1689700417
221,kodiak,57.79,-152.4072,285.88,94,100,4.63,US,1689700418
222,rehoboth,-23.3167,17.0833,289.73,17,0,3.11,NA,1689700419
223,bridgewater,44.3835,-64.5155,302.1,79,16,5.14,CA,1689700419
224,molde,62.7375,7.1591,288.03,62,75,10.29,NO,1689700195
225,barmer,25.75,71.3833,307.76,47,87,7.09,IN,1689700420
226,kingscliff,-28.2667,153.5667,286.04,100,68,3.6,AU,1689700420
227,bikenibeu village,1.3673,173.1241,300.13,89,75,2.06,KI,1689700420
228,bodaybo,57.8506,114.1933,284.98,82,96,0.98,RU,1689700420
229,kailua-kona,19.6406,-155.9956,300.13,80,20,6.17,US,1689700421
230,banda aceh,5.5577,95.3222,300.52,79,100,6.89,ID,1689700421
231,okha,53.5739,142.9478,283.37,93,51,1.6,RU,1689700421
232,aguadilla,18.4275,-67.1541,306.74,74,40,9.26,PR,1689700421
233,barcelos,41.5388,-8.6151,302.55,53,4,4.56,PT,1689700421
234,guanica,17.9716,-66.908,307.06,69,99,8.7,PR,1689700325
235,ancud,-41.8697,-73.8203,278.19,84,100,4.79,CL,1689700422
236,tazovsky,67.4667,78.7,287.58,71,60,5.22,RU,1689700422
237,west bay,19.3667,-81.4167,307.19,75,20,4.63,KY,1689700422
238,las tablas,7.7667,-80.2833,300.63,80,100,6.62,PA,1689700423
239,thunder bay,48.4001,-89.3168,288.63,72,89,1.41,CA,1689700151
240,figuig (centre),32.1089,-1.2286,310.58,8,36,4.43,MA,1689700423
241,moses lake,47.1301,-119.2781,297.53,31,0,2.06,US,1689700423
242,kone,-21.0595,164.8658,292.43,88,93,2.3,NC,1689700423
243,san antonio oeste,-40.7319,-64.9477,280.2,52,79,7.0,AR,1689700424
244,cuamba,-14.8031,36.5372,293.74,42,5,1.05,MZ,1689700424
245,saipan,15.1355,145.701,300.73,100,40,2.57,MP,1689700424
246,lorengau,-2.0226,147.2712,299.85,82,94,3.15,PG,1689700424
247,kovdor,67.5662,30.4758,291.58,60,42,3.46,RU,1689700424
248,hamilton,39.1834,-84.5333,302.31,74,0,3.09,US,1689700197
249,caleta de carquin,-11.0925,-77.6267,295.37,65,32,4.66,PE,1689700425
250,flin flon,54.7682,-101.865,293.06,60,75,4.12,CA,1689700268
251,port alfred,-33.5906,26.891,289.36,92,29,1.79,ZA,1689700425
252,fada,9.5667,8.3,299.31,79,89,1.87,NG,1689700426
253,queenstown,-31.8976,26.8753,289.57,27,2,6.38,ZA,1689700426
254,tobelo,1.7284,128.0095,299.59,84,100,1.53,ID,1689700426
255,kemi,65.8596,24.8228,289.02,82,75,4.63,FI,1689700426
256,itoman,26.1247,127.6694,301.16,89,20,5.14,JP,1689700426
257,buala,-8.145,159.5921,299.52,84,81,3.02,SB,1689700427
258,shalkar,47.8288,59.6258,296.41,43,48,5.04,KZ,1689700427
259,kas,36.2018,29.6377,303.4,38,0,2.4,TR,1689700428
260,siwa oasis,29.2041,25.5195,310.64,15,0,3.66,EG,1689700429
261,accra,5.556,-0.1969,301.38,78,40,7.72,GH,1689700363
262,barra de santo antonio,-9.4047,-35.5072,301.75,72,13,5.06,BR,1689700429
263,tupanatinga,-8.7533,-37.3397,300.89,42,1,6.35,BR,1689700430
264,yabelo,4.8833,38.0833,292.74,47,95,4.36,ET,1689700430
265,kirensk,57.7853,108.1119,286.57,76,88,0.63,RU,1689700430
266,veinticinco de mayo,-35.4323,-60.1727,282.18,40,62,3.08,AR,1689700430
267,tsengel,49.4783,100.8894,286.4,81,37,1.32,MN,1689700431
268,mizque,-17.941,-65.3402,295.91,42,75,3.53,BO,1689700431
269,barreirinha,-2.7933,-57.07,309.63,33,9,2.28,BR,1689700431
270,greymouth,-42.4667,171.2,282.22,92,100,2.04,NZ,1689700431
271,porto murtinho,-21.6989,-57.8825,289.28,51,100,3.54,BR,1689700230
272,sarpang,26.864,90.2674,299.1,91,100,1.4,BT,1689700432
273,antsiranana,-12.2787,49.2917,296.7,69,2,7.52,MG,1689700432
274,wuhai,39.6647,106.8122,300.57,28,0,8.9,CN,1689700432
275,piti village,13.4626,144.6933,301.18,87,20,2.57,GU,1689700432
276,san pedro pochutla,15.7333,-96.4667,306.88,52,56,2.53,MX,1689700153
277,sirkazhi,11.2333,79.7333,302.88,53,73,6.1,IN,1689700433
278,shibetsu,43.659,145.132,286.79,92,97,0.85,JP,1689700433
279,aligudarz,33.4006,49.6949,296.37,14,0,0.24,IR,1689700434
280,bengkulu,-3.8004,102.2655,297.6,90,61,3.25,ID,1689700435
281,punta arenas,-53.15,-70.9167,276.21,75,0,6.69,CL,1689700435
282,saint-joseph,-21.3667,55.6167,294.36,78,27,6.18,RE,1689700435
283,sabalgarh,26.25,77.4,306.49,58,100,1.25,IN,1689700435
284,roma,43.2128,-75.4557,300.58,71,40,2.57,US,1689700436
285,kalat,29.0225,66.5916,301.78,24,76,0.59,PK,1689700436
286,gebeit,21.0667,36.3167,308.64,15,25,4.96,SD,1689700436
287,new bern,35.1085,-77.0441,306.49,49,0,2.57,US,1689700424
288,serenje,-13.2325,30.2352,286.87,51,0,3.2,ZM,1689700436
289,bouake,7.6895,-5.0218,303.21,70,75,3.09,CI,1689700437
290,saint-pierre,-21.3393,55.4781,294.97,78,0,9.26,RE,1689700437
291,borba,-4.3878,-59.5939,310.44,29,4,2.11,BR,1689700437
292,wanning,18.8003,110.3967,300.39,92,91,2.49,CN,1689700437
293,crane,31.3974,-102.3501,309.09,22,0,8.79,US,1689700438
294,necochea,-38.5473,-58.7368,281.49,36,0,2.67,AR,1689700438
295,yakeshi,49.2833,120.7333,290.69,89,5,0.81,CN,1689700439
296,paulden,34.8856,-112.4682,309.3,30,4,0.89,US,1689700439
297,isafjordur,66.0755,-23.124,283.17,76,0,3.09,IS,1689700439
298,holualoa,19.6228,-155.9522,298.06,80,20,6.17,US,1689700386
299,bijapur,16.8333,75.7,294.99,88,100,11.59,IN,1689700413
300,hammerfest,70.6634,23.6821,283.4,100,75,4.63,NO,1689700439
301,dwarka,22.2394,68.9678,301.72,79,98,7.45,IN,1689700440
302,yeed,4.55,43.0333,303.08,36,59,8.49,SO,1689700440
303,ploneour-lanvern,47.9,-4.2833,292.33,72,20,6.17,FR,1689700440
304,crucecita,-28.95,-58.9833,287.03,35,3,3.02,AR,1689700440
305,monrovia,6.3005,-10.7969,301.02,83,91,4.68,LR,1689700441
306,borgarnes,64.5383,-21.9206,289.71,48,8,3.22,IS,1689700441
307,san luis,-33.295,-66.3356,286.21,39,34,5.0,AR,1689700441
308,anloga,5.7947,0.8973,299.33,85,99,8.36,GH,1689700441
309,tamanrasset,22.785,5.5228,310.1,10,0,2.06,DZ,1689700441
310,malango,-2.9627,119.9001,292.32,95,89,0.74,ID,1689700442
311,mbandaka,0.0487,18.2603,298.86,65,91,0.2,CD,1689700442
312,abra pampa,-22.7205,-65.697,284.72,5,0,0.9,AR,1689700442
313,thompson,55.7435,-97.8558,293.24,56,40,2.06,CA,1689700331
314,mana,5.6592,-53.7767,302.99,66,19,3.98,GF,1689700443
315,kalmunai,7.4167,81.8167,301.32,61,81,3.23,LK,1689700443
316,quincy,42.2529,-71.0023,304.54,68,75,4.63,US,1689700250
317,vila franca do campo,37.7167,-25.4333,295.38,63,75,0.97,PT,1689700444
318,keflavik,64.0049,-22.5624,287.1,71,20,8.75,IS,1689700444
319,al ghayzah,16.2079,52.176,299.74,83,20,6.0,YE,1689700444
320,sylvan lake,52.3168,-114.0853,290.91,64,20,8.75,CA,1689700445
321,santa maria,-29.6842,-53.8069,284.13,61,54,3.98,BR,1689700445
322,jamaame,0.0697,42.745,297.91,79,12,5.34,SO,1689700445
323,nova xavantina,-14.6667,-52.35,309.52,20,38,2.01,BR,1689700446
324,boali,4.8005,18.1275,300.01,79,100,1.19,CF,1689700284
325,monchegorsk,67.9397,32.8739,292.11,60,40,3.68,RU,1689700446
326,sinanju,39.5981,125.6097,293.76,94,0,0.72,KP,1689700446
327,kyabe,9.4515,18.9449,303.95,54,21,1.11,TD,1689700447
328,virginia,37.5481,-77.4467,305.56,51,20,4.63,US,1689700447
329,scottburgh,-30.2867,30.7532,292.3,61,0,2.59,ZA,1689700447
330,shar,49.5886,81.0453,296.47,37,20,4.4,KZ,1689700448
331,jinka,5.65,36.65,295.18,53,69,0.62,ET,1689700448
332,taro,-8.3862,115.28,295.15,92,80,1.62,ID,1689700448
333,salalah,17.0151,54.0924,299.2,94,100,4.12,OM,1689700449
334,trstenik,43.6169,21.0025,305.38,61,0,1.65,RS,1689700449
335,betio village,1.358,172.9211,300.17,71,98,0.68,KI,1689700449
336,rio rico,31.4715,-110.9765,309.44,34,0,2.57,US,1689700451
337,westport,41.1415,-73.3579,304.12,73,20,4.63,US,1689700451
338,vorkuta,67.5,64.0,290.87,80,65,1.89,RU,1689700451
339,chivhu,-19.0211,30.8922,284.76,37,23,3.46,ZW,1689700452
340,mendaha,-1.0333,103.5833,297.16,91,95,1.49,ID,1689700452
341,fairbanks,64.8378,-147.7164,290.13,85,100,1.54,US,1689700452
342,vernon,50.2581,-119.2691,295.54,49,0,2.24,CA,1689700453
343,the dalles,45.5946,-121.1787,298.92,52,0,2.57,US,1689700453
344,tianpeng,30.9866,103.9393,299.41,81,37,1.58,CN,1689700453
345,lubango,-14.9172,13.4925,289.57,20,0,3.17,AO,1689700454
346,eldorado at santa fe,35.5264,-105.9347,306.48,16,0,2.68,US,1689700454
347,bovril,-31.3431,-59.4451,284.77,43,27,3.22,AR,1689700454
348,yarmouth,41.7057,-70.2286,301.82,84,100,3.09,US,1689700455
349,sai kung,22.3822,114.2728,302.14,92,100,3.25,CN,1689700455
350,chernyshevsk,52.5243,117.0174,290.54,97,100,0.68,RU,1689700455
351,sitka,57.0531,-135.33,288.09,88,75,2.06,US,1689700455
352,asahi,35.7167,140.65,297.36,81,100,0.83,JP,1689700456
353,tarko-sale,64.9225,77.785,290.94,56,78,2.96,RU,1689700456
354,kimbe,-5.5502,150.1429,296.35,87,28,2.39,PG,1689700456
355,kidal,18.4411,1.4078,314.86,13,18,4.35,ML,1689700457
356,saldanha,-33.0117,17.9442,286.52,79,47,6.66,ZA,1689700457
357,langon,44.5,-0.3333,303.5,40,62,5.17,FR,1689700457
358,bechar,31.6167,-2.2167,313.33,7,0,2.06,DZ,1689700457
359,enewetak,11.3474,162.3373,301.49,79,55,5.82,MH,1689700458
360,briviesca,42.5499,-3.3232,306.23,32,79,4.18,ES,1689700458
361,abashiri,44.0213,144.2697,287.41,93,87,0.73,JP,1689700458
362,mar del plata,-38.0023,-57.5575,283.68,69,40,2.57,AR,1689700394
363,prince george,53.9166,-122.753,291.62,54,0,6.17,CA,1689700459
364,pisco,-13.7,-76.2167,294.18,64,100,3.09,PE,1689700459
365,naro moru,-0.1676,37.0213,288.81,68,36,3.0,KE,1689700459
366,mirny,62.5353,113.9611,285.51,60,46,1.98,RU,1689700459
367,argo,37.6333,22.7333,306.36,26,0,4.16,GR,1689700460
368,talara,-4.5772,-81.2719,302.57,58,0,6.17,PE,1689700460
369,san antonio de pale,-1.4014,5.6325,296.62,84,38,5.46,GQ,1689700460
370,lagoa,39.05,-27.9833,293.6,64,88,2.41,PT,1689700462
371,harper,4.375,-7.7169,298.49,77,100,4.73,LR,1689700462
372,komsomol'skiy,43.9783,46.6985,300.53,34,56,5.03,RU,1689700462
373,tahe,52.3333,124.7333,290.83,60,27,1.66,CN,1689700462
374,mount isa,-20.7333,139.5,287.02,58,5,3.6,AU,1689700463
375,sola,-13.8833,167.55,298.55,82,98,10.65,VU,1689700463
376,eloy alfaro,-2.2,-79.8333,304.18,66,40,2.06,EC,1689700463
377,songling,31.1933,120.7176,299.15,91,100,2.21,CN,1689700463
378,villa yapacani,-17.4,-63.8333,293.91,54,99,2.35,BO,1689700464
379,mossel bay,-34.1831,22.146,288.11,74,42,10.72,ZA,1689700464
380,minas de marcona,-15.2119,-75.1103,290.23,60,29,5.28,PE,1689700464
381,balykshi,47.0667,51.8667,294.15,78,75,4.0,KZ,1689700465
382,chonchi,-42.6128,-73.8092,281.55,80,100,1.96,CL,1689700465
383,tokar,18.4254,37.729,310.2,30,5,3.01,SD,1689700465
384,parham,17.0968,-61.7705,303.98,59,75,5.14,AG,1689700466
385,palm coast,29.585,-81.2078,307.11,70,92,1.79,US,1689700178
386,pristen',51.2355,36.6959,292.34,86,100,6.72,RU,1689700466
387,luderitz,-26.6481,15.1594,290.82,73,0,9.76,NA,1689700466
388,santa ana,33.7456,-117.8678,307.63,65,20,3.6,US,1689700264
389,micheweni,-4.9667,39.8333,298.19,77,11,6.92,TZ,1689700467
390,santa cruz,-17.8,-63.1667,289.85,72,100,7.2,BO,1689700457
391,zouerate,22.7187,-12.4521,314.35,16,60,1.6,MR,1689700467
392,covasna,45.85,26.1833,297.83,55,3,2.83,RO,1689700468
393,bima,-8.4667,118.7167,294.73,93,9,2.18,ID,1689700468
394,novyye burasy,52.1324,46.0714,293.45,70,91,4.01,RU,1689700468
395,tashtagol,52.7657,87.8894,290.7,68,43,2.99,RU,1689700469
396,the bottom,17.6259,-63.2492,303.46,76,99,8.38,BQ,1689700469
397,mata-utu,-13.2816,-176.1745,299.14,86,100,5.45,WF,1689700469
398,juneau,58.3019,-134.4197,290.15,87,75,0.0,US,1689700469
399,malindi,-3.2175,40.1191,298.37,80,6,8.08,KE,1689700470
400,owo,7.1962,5.5868,297.69,91,89,3.3,NG,1689700470
401,bambanglipuro,-7.95,110.2833,296.51,87,24,3.96,ID,1689700470
402,zinjibar,13.1287,45.3807,305.32,57,17,1.32,YE,1689700470
403,viana do castelo,41.6932,-8.8329,294.67,71,4,7.48,PT,1689700471
404,pimentel,-6.8367,-79.9342,300.31,61,0,6.69,PE,1689700471
405,peniche,39.3558,-9.3811,298.87,80,7,7.03,PT,1689700385
406,stepnoye,51.4,46.8667,294.21,68,52,4.56,RU,1689700472
407,awjilah,29.1081,21.2869,310.15,14,0,5.83,LY,1689700472
408,skrunda,56.6833,22.0167,291.12,59,73,4.89,LV,1689700472
409,bubaque,11.2833,-15.8333,299.81,81,99,4.16,GW,1689700473
410,wodonga,-36.1167,146.8833,277.57,100,57,1.0,AU,1689700473
411,naze,28.3667,129.4833,299.35,81,92,5.08,JP,1689700244
412,howrah,22.5892,88.3103,302.15,89,40,1.54,IN,1689700473
413,palmer,42.1584,-72.3287,303.51,63,75,3.09,US,1689700321
414,guanare,9.0418,-69.7421,308.16,49,91,2.57,VE,1689700474
415,dhulikhel,27.6189,85.5529,295.02,82,100,1.11,NP,1689700474
416,antalaha,-14.9003,50.2788,295.03,85,3,4.32,MG,1689700474
417,vikulovo,56.8167,70.6107,291.45,98,99,3.25,RU,1689700475
418,uzhur,55.3036,89.8339,287.41,81,23,0.71,RU,1689700475
419,polyarnyy,69.1989,33.4478,290.62,71,100,1.79,RU,1689700475
420,medina,24.4686,39.6142,315.39,7,20,5.14,SA,1689700476
421,guiyang,26.5833,106.7167,293.42,100,100,3.0,CN,1689700476
422,santiago de cao,-7.9589,-79.2392,297.22,73,43,4.63,PE,1689700476
423,dompu,-8.5356,118.4622,294.21,95,6,1.57,ID,1689700477
424,koulamoutou,-1.1303,12.4736,300.71,70,93,1.28,GA,1689700478
425,cidreira,-30.1811,-50.2056,286.81,54,98,3.15,BR,1689700478
426,petrovsk,52.3064,45.3917,293.1,73,82,3.31,RU,1689700478
427,urengoy,65.9667,78.3667,289.71,65,83,2.44,RU,1689700478
428,wenchang,30.904,118.4887,298.44,94,100,1.54,CN,1689700430
429,corner brook,48.9667,-57.9484,302.24,84,96,3.15,CA,1689700479
430,sandnessjoen,66.0217,12.6316,287.44,88,75,5.14,NO,1689700479
431,taitung city,22.7583,121.1444,300.42,87,100,1.52,TW,1689700479
432,moussoro,13.6408,16.4901,303.83,50,81,9.95,TD,1689700480
433,carnarvon,-24.8667,113.6333,292.47,75,8,6.43,AU,1689700275
434,nili,33.7218,66.1302,299.16,14,0,3.78,AF,1689700480
435,canutama,-6.5339,-64.3831,309.93,31,3,2.07,BR,1689700480
436,noosa heads,-26.3833,153.15,287.78,85,49,3.73,AU,1689700480
437,sydney mines,46.2367,-60.2177,301.03,81,75,7.72,CA,1689700284
438,soeng sang,14.4264,102.4606,297.66,79,99,4.24,TH,1689700481
439,cobija,-11.0267,-68.7692,304.25,66,75,3.09,BO,1689700481
440,ubinskoye,55.3068,79.6802,291.09,64,89,3.85,RU,1689700481
441,kharkhorin,47.1975,102.8238,286.9,97,100,0.8,MN,1689700482
442,guerrero negro,27.9769,-114.0611,298.05,59,1,5.61,MX,1689700482
443,huaraz,-9.5333,-77.5333,292.05,34,45,3.02,PE,1689700482
444,simrishamn,55.5565,14.3504,291.23,62,79,7.42,SE,1689700482
445,igunga,-4.2833,33.8833,297.05,27,6,2.41,TZ,1689700482
446,neyriz,29.1988,54.3278,304.95,14,34,2.92,IR,1689700483
447,cabo san lucas,22.8909,-109.9124,309.76,51,20,0.0,MX,1689700483
448,boa vista,2.8197,-60.6733,301.14,69,75,2.06,BR,1689700284
449,kotli,33.5167,73.9167,300.77,77,97,1.54,PK,1689700483
450,port hueneme,34.1478,-119.1951,307.25,75,40,3.6,US,1689700484
451,petropavlovsk-kamchatsky,53.0452,158.6483,282.48,100,0,0.0,RU,1689700484
452,fairmont,39.4851,-80.1426,300.58,70,41,3.62,US,1689700484
453,el fasher,13.6279,25.3494,308.81,22,96,1.64,SD,1689700484
454,chateaudun,48.0833,1.3333,304.23,25,27,4.06,FR,1689700484
455,aasiaat,68.7098,-52.8699,276.82,95,100,3.49,GL,1689700485
456,illizi,26.4833,8.4667,312.04,9,0,7.26,DZ,1689700485
457,qingquan,30.4511,115.2559,299.65,90,99,0.75,CN,1689700485
458,khasab,26.1799,56.2477,308.87,65,39,2.28,OM,1689700485
459,carutapera,-1.195,-46.02,302.87,65,14,5.01,BR,1689700486
460,sredets,42.3475,27.179,300.21,34,31,4.09,BG,1689700486
461,salinopolis,-0.6136,-47.3561,301.35,73,11,6.27,BR,1689700486
462,safi,32.1667,-8.8333,309.73,27,17,7.86,MA,1689700486
463,nova kakhovka,46.7545,33.3486,301.14,44,81,4.98,UA,1689700339
464,freeport,40.6576,-73.5832,304.24,78,75,6.17,US,1689700280
465,timimoun,29.2639,0.231,316.36,5,0,7.2,DZ,1689700487
466,tongouson,5.0214,120.1328,301.27,74,100,1.33,PH,1689700487
467,takamatsu,34.3403,134.0433,299.12,85,65,2.04,JP,1689700487
468,hariana,31.6378,75.8408,302.14,80,100,4.29,IN,1689700487
469,katsuura,35.1333,140.3,298.25,91,100,2.78,JP,1689700488
470,udachny,66.4167,112.4,287.75,72,83,6.54,RU,1689700488
471,dogonbadan,30.3586,50.7981,310.2,11,0,3.09,IR,1689700488
472,wellington,-41.2866,174.7756,285.41,82,6,6.69,NZ,1689700297
473,tromso,69.6496,18.957,285.16,94,75,1.54,NO,1689700489
474,vuktyl,63.8567,57.3094,295.29,52,97,2.29,RU,1689700489
475,lospalos,-8.5186,127.0025,293.5,87,24,2.34,TL,1689700489
476,guajara,-2.9667,-57.6667,309.17,33,8,2.09,BR,1689700282
477,ust-tsilma,65.441,52.1498,294.65,61,73,1.11,RU,1689700489
478,nahiyat al fuhud,30.9697,46.7228,315.13,8,0,4.96,IQ,1689700490
479,moshkovo,55.3053,83.6104,290.1,77,59,2.92,RU,1689700490
480,aykhal,66.0,111.5,285.84,74,53,7.55,RU,1689700490
481,dolores,-36.3132,-57.6792,282.28,43,4,1.81,AR,1689700490
482,huai khot,15.2909,99.6166,299.52,71,100,0.87,TH,1689700491
483,magistral'nyy,56.1725,107.4458,283.64,86,5,1.74,RU,1689700491
484,nar'yan-mar,67.6713,53.087,292.44,77,91,1.78,RU,1689700491
485,cannonvale,-20.2833,148.7,292.81,87,18,5.55,AU,1689700491
486,nam som,17.7704,102.1895,298.76,94,100,1.64,TH,1689700492
487,coquimbo,-29.9533,-71.3436,291.0,72,0,8.23,CL,1689700343
488,brookings,44.3114,-96.7984,296.58,53,20,5.66,US,1689700364
489,zeya,53.75,127.2667,292.4,65,42,1.64,RU,1689700492
490,tofol,5.3248,163.0078,301.64,72,100,6.26,FM,1689700492
491,remire-montjoly,4.9167,-52.2667,304.17,70,75,5.66,GF,1689700494
492,salinas,36.6777,-121.6555,298.14,76,0,3.09,US,1689700370
493,mohr,54.3528,9.7167,292.23,58,75,6.17,DE,1689700494
494,new norfolk,-42.7826,147.0587,280.33,77,73,2.74,AU,1689700494
495,saint-francois,46.4154,3.9054,303.84,51,0,2.06,FR,1689700420
496,harstad,68.799,16.5293,285.81,100,98,4.02,NO,1689700495
497,menongue,-14.6585,17.691,290.7,18,0,1.63,AO,1689700495
498,callao,-12.0667,-77.15,296.31,56,0,3.6,PE,1689700495
499,taft,31.7471,54.2088,308.12,15,40,3.09,IR,1689700495
500,north bend,43.4065,-124.2243,296.07,68,0,6.17,US,1689700496
501,dongcun,36.7767,121.1597,295.38,81,0,0.64,CN,1689700496
502,flying fish cove,-10.4217,105.6791,297.97,78,75,7.2,CX,1689700496
503,kargasok,59.0556,80.8572,289.09,75,31,1.12,RU,1689700496
504,manokwari,-0.8667,134.0833,299.36,79,98,0.68,ID,1689700271
505,mili,6.0815,171.735,300.79,81,100,4.91,MH,1689700497
506,talavera,15.6167,120.9333,298.14,88,92,1.47,PH,1689700497
507,taroa,8.7058,171.2275,301.12,80,100,5.23,MH,1689700497
508,churapcha,62.0025,132.4325,287.19,96,59,4.5,RU,1689700498
509,kirakira,-10.4544,161.9205,299.02,87,100,1.12,SB,1689700498
510,changyon,38.2508,125.0961,293.99,87,0,1.07,KP,1689700498
511,idri,27.5,13.2667,311.15,12,0,5.89,LY,1689700499
512,shimoda,34.6667,138.95,299.08,86,100,3.04,JP,1689700499
513,abepura,-2.6333,140.5833,298.6,83,20,0.0,ID,1689700499
514,floro,61.5996,5.0328,285.13,87,75,6.69,NO,1689700499
515,almeirim,-1.5233,-52.5817,302.52,62,90,2.09,BR,1689700499
516,three points,32.0767,-111.3137,311.24,20,0,1.54,US,1689700500
517,revda,56.801,59.9303,287.35,99,100,2.03,RU,1689700500
518,yaren,-0.5472,166.916,301.3,74,100,0.64,NR,1689700500
519,ajaigarh,24.9,80.2667,304.73,59,92,2.71,IN,1689700500
520,nantucket,41.2835,-70.0995,301.18,85,0,3.09,US,1689700501
521,bardai,11.65,7.2333,305.91,41,33,3.21,NG,1689700501
522,roccella ionica,38.322,16.4009,305.44,49,0,2.41,IT,1689700501
523,portland,45.5234,-122.6762,295.6,65,0,3.09,US,1689700212
524,kachhwa,25.2167,82.7167,303.14,58,87,4.18,IN,1689700502
525,belyy yar,53.6039,91.3903,291.09,82,0,3.0,RU,1689700503
526,beau vallon,-20.4189,57.6953,296.28,73,40,5.66,MU,1689700503
527,loango,-4.6719,11.8312,295.67,81,25,3.03,CG,1689700504
528,togur,58.3631,82.8265,289.91,68,76,2.06,RU,1689700504
529,gubakha,58.8386,57.5532,289.91,98,100,1.54,RU,1689700505
530,bereznik,62.8551,42.7072,294.85,57,53,0.66,RU,1689700505
531,temryuk,45.2722,37.3811,297.27,71,10,4.56,RU,1689700505
532,vanimo,-2.6741,141.3028,297.91,91,44,1.54,PG,1689700505
533,laminusa,5.5549,120.9136,301.23,71,100,0.36,PH,1689700507
534,borogontsy,62.6683,131.1683,285.8,98,89,3.7,RU,1689700507
535,sinabang,2.4803,96.3801,299.26,85,100,2.07,ID,1689700508
536,pathein,16.7833,94.7333,299.42,89,94,3.84,MM,1689700508
537,teguise,29.0605,-13.564,298.27,57,20,7.2,ES,1689700508
538,inari,68.906,27.0288,290.26,69,100,1.87,FI,1689700510
539,mercedes,-34.6515,-59.4307,285.17,50,68,2.54,AR,1689700510
540,becej,45.6163,20.0333,304.48,43,0,1.67,RS,1689700510
541,la'ie,21.6477,-157.9253,299.13,75,25,3.58,US,1689700511
542,usinsk,65.9939,57.5281,294.5,64,74,0.34,RU,1689700511
543,chimbote,-9.0853,-78.5783,296.39,67,46,4.15,PE,1689700511
544,bang saphan,11.2126,99.5117,298.29,93,100,3.51,TH,1689700511
545,lisala,2.15,21.5167,298.15,78,87,0.76,CD,1689700512
546,garissa,-0.4536,39.6401,300.6,53,28,11.08,KE,1689700512
547,inhambane,-23.865,35.3833,292.14,88,0,1.54,MZ,1689700512
548,samdari,25.8167,72.5833,307.45,51,99,6.24,IN,1689700512
549,tionk essil,12.7856,-16.5217,302.13,74,95,2.97,SN,1689700513
550,verkhniy baskunchak,48.2256,46.7217,299.32,40,44,6.51,RU,1689700513
551,quellon,-43.1167,-73.6167,282.29,71,0,4.63,CL,1689700513
552,kangding,30.0513,101.9603,286.12,98,97,0.31,CN,1689700514
553,borzya,50.3833,116.5167,288.67,90,71,4.12,RU,1689700514
554,fray luis beltran,-39.3167,-65.7667,280.36,56,93,4.08,AR,1689700514
555,moyynkum,44.2914,72.9469,307.7,17,22,5.57,KZ,1689700514
556,kill devil hills,36.0307,-75.676,305.15,60,0,2.57,US,1689700292
557,urumqi,43.801,87.6005,302.68,23,0,3.0,CN,1689700515
558,kruisfontein,-34.0033,24.7314,288.64,92,28,4.21,ZA,1689700515
559,egilsstadir,65.2653,-14.3948,284.1,66,75,6.17,IS,1689700516
560,howard springs,-12.497,131.047,295.27,70,20,1.83,AU,1689700516
561,san juan,-31.5375,-68.5364,286.8,34,21,3.64,AR,1689700258
562,trevelin,-43.0858,-71.4639,272.86,68,100,0.52,AR,1689700516
563,shalqar,47.8333,59.6,296.33,44,50,4.87,KZ,1689700517
564,amparafaravola,-17.5833,48.2167,288.28,87,1,2.46,MG,1689700517
565,brindisi,40.5833,17.6667,308.95,45,0,7.05,IT,1689700517
566,sirte,31.2089,16.5887,301.85,69,0,5.65,LY,1689700518
